Election_Id,Election_Type,Constituency,Candidate_Name,Gender,Age,Caste,Party,Party_Name,Symbol,Total_Votes,Percentage_Votes,State,Year,Result,Margin
L,Loksabha,Chandigarh,Kirron Kher, Female,66, GEN,BJP, Bharatiya Janata Party, lotus,231188,0.506299973,Chandigarh,01-01-2019,Winner,46970
L,Loksabha,Chandigarh,Pawan Kumar Bansal, Male,70, GEN,INC, Indian National Congress, hand,184218,0.403400004,Chandigarh,01-01-2019,Loser,-46970
L,Loksabha,Chandigarh,Harmohan Dhawan, Male,78, GEN,AAAP, Aam Aadmi Party, broom,13781,0.030200001,Chandigarh,01-01-2019,Loser,-217407
L,Loksabha,Chandigarh,Parveen Kumar, Male,44, SC,BSP, Bahujan Samaj Party, elephant,7396,0.0162,Chandigarh,01-01-2019,Loser,-223792
L,Loksabha,Chandigarh,Nota,Unknown,Unknown,Unknown,NOTA, None Of The Above,Unknown,4335,0.0095,Chandigarh,01-01-2019,Loser,-226853
L,Loksabha,Chandigarh,Avinash Singh Sharma, Male,48, GEN,CHKAP, Chandigarh Ki Aawaz Party, hat,3186,0.007,Chandigarh,01-01-2019,Loser,-228002
L,Loksabha,Chandigarh,Satybir Singh, Male,48, SC,BMFP, Bhartiya Manavadhikaar Federal Party, biscuit,1578,0.0035,Chandigarh,01-01-2019,Loser,-229610
L,Loksabha,Chandigarh,Manjeet Singh Bohat, Male,38, SC,IND, Independent, glass tumbler,1062,0.0023,Chandigarh,01-01-2019,Loser,-230126
L,Loksabha,Chandigarh,Sandeep Bidla, Male,32, SC,BMUP, Bahujan Mukti Party, cot,920,0.002,Chandigarh,01-01-2019,Loser,-230268
L,Loksabha,Chandigarh,Yogesh Dhingra, Male,30, GEN,IND, Independent, batsman,731,0.0016,Chandigarh,01-01-2019,Loser,-230457
L,Loksabha,Chandigarh,Shambhu, Male,41, GEN,SAKAP, Samaj Adhikar Kalyan Party, balloon,658,0.0014,Chandigarh,01-01-2019,Loser,-230530
L,Loksabha,Chandigarh,Nidhi Kansal, Female,38, GEN,IND, Independent, pen nib with seven rays,569,0.0012,Chandigarh,01-01-2019,Loser,-230619
L,Loksabha,Chandigarh,Sharmila Johari, Female,38, SC,BHAPRAP, Bharat Prabhat Party, ludo,531,0.0012,Chandigarh,01-01-2019,Loser,-230657
L,Loksabha,Chandigarh,Satish Kumar, Male,60, GEN,JanSP, Janral Samaj Party, football,486,0.0011,Chandigarh,01-01-2019,Loser,-230702
L,Loksabha,Chandigarh,Sarabjeet Singh Sohal, Male,67, GEN,BhaRP, Bhartiya Rashtrawadi Party, helicopter,461,0.001,Chandigarh,01-01-2019,Loser,-230727
L,Loksabha,Chandigarh,Sanjay Balaan, Male,38, GEN,BJSAP, Bhartiya Jan Samman Party, bat,452,0.001,Chandigarh,01-01-2019,Loser,-230736
L,Loksabha,Chandigarh,Devi Sirohi, Female,66, GEN,IND, Independent, bucket,428,0.0009,Chandigarh,01-01-2019,Loser,-230760
L,Loksabha,Chandigarh,Boota Singh, Male,68, GEN,IND, Independent, pressure cooker,392,0.0009,Chandigarh,01-01-2019,Loser,-230796
L,Loksabha,Chandigarh,Lashkar Singh, Male,78, SC,CPIM, Communist Party Of India (marxist), saw,377,0.0008,Chandigarh,01-01-2019,Loser,-230811
L,Loksabha,Chandigarh,Jagdish Kumar Nidan, Male,61, SC,HSS, Hindustan Shakti Sena, diamond,365,0.0008,Chandigarh,01-01-2019,Loser,-230823
L,Loksabha,Chandigarh,Tejinder Singh Walia, Male,77, GEN,IND, Independent, battery torch,320,0.0007,Chandigarh,01-01-2019,Loser,-230868
L,Loksabha,Chandigarh,Subhash Tamoli, Male,54, SC,BSP(A), Bahujan Samaj Party (ambedkar), television,312,0.0007,Chandigarh,01-01-2019,Loser,-230876
L,Loksabha,Chandigarh,Raj Kamal Singh, Male,32, GEN,IND, Independent, apple,289,0.0006,Chandigarh,01-01-2019,Loser,-230899
L,Loksabha,Chandigarh,Ramneet, Female,41, GEN,BKNP, Bhartiya Kisan Party, tractor chalata kisan,285,0.0006,Chandigarh,01-01-2019,Loser,-230903
L,Loksabha,Chandigarh,Mukesh Pachara, Male,58, GEN,ANC, Ambedkar National Congress, gramophone,245,0.0005,Chandigarh,01-01-2019,Loser,-230943
L,Loksabha,Chandigarh,Subhash Chander Goyal, Male,56, GEN,RPI(A), Republican Party Of India (a), gas cylinder,212,0.0005,Chandigarh,01-01-2019,Loser,-230976
L,Loksabha,Chandigarh,Prem Lata, Female,75, GEN,IND, Independent, telephone,212,0.0005,Chandigarh,01-01-2019,Loser,-230976
L,Loksabha,Chandigarh,Jyoti, Female,46, GEN,AKBHAD, Akhil Bhartiya Apna Dal, cup & saucer,209,0.0005,Chandigarh,01-01-2019,Loser,-230979
L,Loksabha,Chandigarh,Akhlesh Kumar, Male,30, GEN,IND, Independent, black board,206,0.0005,Chandigarh,01-01-2019,Loser,-230982
L,Loksabha,Chandigarh,Yograj Sahota, Male,62, SC,RaJPa, Rashtriya Jankranti Party, school bag,194,0.0004,Chandigarh,01-01-2019,Loser,-230994
L,Loksabha,Chandigarh,Gurmail Singh, Male,41, GEN,AIFB, All India Forward Bloc, lion,164,0.0004,Chandigarh,01-01-2019,Loser,-231024
L,Loksabha,Chandigarh,Nawab Ali, Male,44, GEN,RasLP, Rashtriya Lokswaraj Party, coconut farm,158,0.0003,Chandigarh,01-01-2019,Loser,-231030
L,Loksabha,Chandigarh,Uday Raj, Male,36, SC,IND, Independent, auto- rickshaw,156,0.0003,Chandigarh,01-01-2019,Loser,-231032
L,Loksabha,Chandigarh,Bhupinder Kaur, Female,55, GEN,SVJSP, Sarvjan Sewa Party, bicycle pump,143,0.0003,Chandigarh,01-01-2019,Loser,-231045
L,Loksabha,Chandigarh,Karan Vasudeva, Male,34, GEN,IND, Independent, key,136,0.0003,Chandigarh,01-01-2019,Loser,-231052
L,Loksabha,Chandigarh,Sunita, Female,25, GEN,IND, Independent, triangle,112,0.0002,Chandigarh,01-01-2019,Loser,-231076
L,Loksabha,Chandigarh,Ram Kumar, Male,38, SC,IND, Independent, table,101,0.0002,Chandigarh,01-01-2019,Loser,-231087
L,Loksabha,Chandigarh,Kirron Kher, Female,61, GEN,BJP, Bharatiya Janata Party, lotus,191362,0.311100006,Chandigarh,01-01-2014,Winner,69642
L,Loksabha,Chandigarh,Pawan Kumar Bansal, Male,65, GEN,INC, Indian National Congress, hand,121720,0.197899997,Chandigarh,01-01-2014,Loser,-69642
L,Loksabha,Chandigarh,Gulkirat Kaur Panag (gul Panag), Female,35, GEN,AAAP, Aam Aadmi Party, broom,108679,0.176699996,Chandigarh,01-01-2014,Loser,-82683
L,Loksabha,Chandigarh,Jannat Jahan-ul-haq (naina), Female,32, GEN,BSP, Bahujan Samaj Party, elephant,15934,0.025900001,Chandigarh,01-01-2014,Loser,-175428
L,Loksabha,Chandigarh,None Of The Above,Unknown,Unknown,Unknown,NOTA, None Of The Above, nota,3106,0.005,Chandigarh,01-01-2014,Loser,-188256
L,Loksabha,Chandigarh,Reena Sharma, Female,33, GEN,IND, Independent, whistle,2643,0.0043,Chandigarh,01-01-2014,Loser,-188719
L,Loksabha,Chandigarh,Shamsher Singh, Male,36, SC,IND, Independent, battery torch,2054,0.0033,Chandigarh,01-01-2014,Loser,-189308
L,Loksabha,Chandigarh,Kawaljit Singh, Male,33, GEN,CPI(ML)(L), Communist Party Of India (marxist-leninist)(liberation), flag with three stars,1968,0.0032,Chandigarh,01-01-2014,Loser,-189394
L,Loksabha,Chandigarh,Pawan Kumar Sharma, Male,43, GEN,IND, Independent, kite,997,0.0016,Chandigarh,01-01-2014,Loser,-190365
L,Loksabha,Chandigarh,Ramesh Chander, Male,46, GEN,IND, Independent, batsman,743,0.0012,Chandigarh,01-01-2014,Loser,-190619
L,Loksabha,Chandigarh,Ajay Singla, Male,38, GEN,IND, Independent, gas stove,660,0.0011,Chandigarh,01-01-2014,Loser,-190702
L,Loksabha,Chandigarh,Khem Lal Bansal, Male,68, GEN,IVD, Inqalab Vikas Dal, walking stick,640,0.001,Chandigarh,01-01-2014,Loser,-190722
L,Loksabha,Chandigarh,Deepak Shukla, Male,43, GEN,IND, Independent, candles,613,0.001,Chandigarh,01-01-2014,Loser,-190749
L,Loksabha,Chandigarh,Dharmender Singh, Male,35, GEN,HEP, Hindustan Ekta Party, gas cylinder,566,0.0009,Chandigarh,01-01-2014,Loser,-190796
L,Loksabha,Chandigarh,Surender Kumar, Male,32, SC,BMUP, Bahujan Mukti Party, cot,550,0.0009,Chandigarh,01-01-2014,Loser,-190812
L,Loksabha,Chandigarh,Surinder Bhardwaj, Male,65, GEN,JD(U), Janata Dal (united), arrow,434,0.0007,Chandigarh,01-01-2014,Loser,-190928
L,Loksabha,Chandigarh,Amarjit Kaur, Female,55, GEN,IND, Independent, pot,397,0.0006,Chandigarh,01-01-2014,Loser,-190965
L,Loksabha,Chandigarh,Jasmer Singh, Male,54, GEN,IND, Independent, hockey & ball,389,0.0006,Chandigarh,01-01-2014,Loser,-190973
L,Loksabha,Chandigarh,Pawan Kumar Bansal, Male,60, GEN,INC, Indian National Congress,Unknown,161042,0.307099998,Chandigarh,01-01-2009,Winner,58967
L,Loksabha,Chandigarh,Satya Pal Jain, Male,56, GEN,BJP, Bharatiya Janata Party,Unknown,102075,0.194600001,Chandigarh,01-01-2009,Loser,-58967
L,Loksabha,Chandigarh,Harmohan Dhawan, Male,69, GEN,BSP, Bahujan Samaj Party,Unknown,61434,0.1171,Chandigarh,01-01-2009,Loser,-99608
L,Loksabha,Chandigarh,Haffiz Anwar Ul Haq, Male,37, GEN,RJD, Rashtriya Janata Dal,Unknown,11549,0.022,Chandigarh,01-01-2009,Loser,-149493
L,Loksabha,Chandigarh,S K Suri, Male,67, GEN,IND, Independent,Unknown,2776,0.0053,Chandigarh,01-01-2009,Loser,-158266
L,Loksabha,Chandigarh,Maya Devi, Female,36, GEN,IND, Independent,Unknown,927,0.0018,Chandigarh,01-01-2009,Loser,-160115
L,Loksabha,Chandigarh,Ram Pal Hans, Male,46, SC,IND, Independent,Unknown,774,0.0015,Chandigarh,01-01-2009,Loser,-160268
L,Loksabha,Chandigarh,Goswami Vishwa Bhushan Bharti, Male,31, GEN,JD(U), Janata Dal (united),Unknown,658,0.0013,Chandigarh,01-01-2009,Loser,-160384
L,Loksabha,Chandigarh,Des Raj, Male,43, GEN,IND, Independent,Unknown,491,0.0009,Chandigarh,01-01-2009,Loser,-160551
L,Loksabha,Chandigarh,Ajay Goyal, Male,43, GEN,IND, Independent,Unknown,465,0.0009,Chandigarh,01-01-2009,Loser,-160577
L,Loksabha,Chandigarh,Khem Lal Bansal, Male,63, GEN,IND, Independent,Unknown,387,0.0007,Chandigarh,01-01-2009,Loser,-160655
L,Loksabha,Chandigarh,Paras Nath, Male,43, GEN,AD, Apna Dal,Unknown,366,0.0007,Chandigarh,01-01-2009,Loser,-160676
L,Loksabha,Chandigarh,Kafil Ahmad, Male,52, GEN,IND, Independent,Unknown,321,0.0006,Chandigarh,01-01-2009,Loser,-160721
L,Loksabha,Chandigarh,Darshan Singh, Male,34, GEN,IND, Independent,Unknown,292,0.0006,Chandigarh,01-01-2009,Loser,-160750
L,Loksabha,Chandigarh,Pawan Kumar Bansal, Male,55, GEN,INC, Indian National Congress,Unknown,139880,NULL,Chandigarh,01-01-2004,Winner,45248
L,Loksabha,Chandigarh,Satya Pal Jain, Male,51, GEN,BJP, Bharatiya Janata Party,Unknown,94632,NULL,Chandigarh,01-01-2004,Loser,-45248
L,Loksabha,Chandigarh,Harmohan Dhawan, Male,64, GEN,INLD, Indian National Lok Dal,Unknown,17762,NULL,Chandigarh,01-01-2004,Loser,-122118
L,Loksabha,Chandigarh,Hem Raj, Male,45, GEN,BSP, Bahujan Samaj Party,Unknown,6203,NULL,Chandigarh,01-01-2004,Loser,-133677
L,Loksabha,Chandigarh,Surinder Pal, Male,34, GEN,IND, Independent,Unknown,3187,NULL,Chandigarh,01-01-2004,Loser,-136693
L,Loksabha,Chandigarh,Rajinder Bansal, Male,54, GEN,IND, Independent,Unknown,2045,NULL,Chandigarh,01-01-2004,Loser,-137835
L,Loksabha,Chandigarh,Dharam Paul Sharma, Male,47, GEN,IND, Independent,Unknown,1232,NULL,Chandigarh,01-01-2004,Loser,-138648
L,Loksabha,Chandigarh,Arvind Jain, Male,43, GEN,IND, Independent,Unknown,718,NULL,Chandigarh,01-01-2004,Loser,-139162
L,Loksabha,Chandigarh,Vinay Kumar, Male,37, GEN,BSJM, Bharatiya Surajya Manch,Unknown,515,NULL,Chandigarh,01-01-2004,Loser,-139365
L,Loksabha,Chandigarh,Mukesh Kumar, Male,35, SC,IND, Independent,Unknown,488,NULL,Chandigarh,01-01-2004,Loser,-139392
L,Loksabha,Chandigarh,Rekha Sharma, Female,49, GEN,IND, Independent,Unknown,481,NULL,Chandigarh,01-01-2004,Loser,-139399
L,Loksabha,Chandigarh,Ghanshyam Lal, Male,42, GEN,IND, Independent,Unknown,376,NULL,Chandigarh,01-01-2004,Loser,-139504
L,Loksabha,Chandigarh,Gurcharan Singh, Male,72, GEN,IND, Independent,Unknown,312,NULL,Chandigarh,01-01-2004,Loser,-139568
L,Loksabha,Chandigarh,Pushpa Kumar Singh, Male,53, GEN,IJP, Indian Justice Party,Unknown,269,NULL,Chandigarh,01-01-2004,Loser,-139611
L,Loksabha,Chandigarh,Mohammad Ibrahim, Male,38, GEN,AD, Apna Dal,Unknown,213,NULL,Chandigarh,01-01-2004,Loser,-139667
L,Loksabha,Chandigarh,Bhupinder Pal, Male,28, GEN,IND, Independent,Unknown,188,NULL,Chandigarh,01-01-2004,Loser,-139692
L,Loksabha,Chandigarh,Daulat Kuldeep Singh, Male,58, GEN,IND, Independent,Unknown,169,NULL,Chandigarh,01-01-2004,Loser,-139711
L,Loksabha,Chandigarh,Pawan Kumar Bansal, Male,Unknown,Unknown,INC, Indian National Congress,Unknown,132924,0.469999999,Chandigarh,01-01-1999,Winner,5449
L,Loksabha,Chandigarh,Krishan Lal Sharma, Male,Unknown,Unknown,BJP, Bharatiya Janata Party,Unknown,127475,0.450700015,Chandigarh,01-01-1999,Loser,-5449
L,Loksabha,Chandigarh,Mata Ram Dhiman, Male,Unknown,Unknown,BSP, Bahujan Samaj Party,Unknown,7781,0.0275,Chandigarh,01-01-1999,Loser,-125143
L,Loksabha,Chandigarh,Manphool Singh, Male,Unknown,Unknown,SP, Samajwadi Party,Unknown,4853,0.017200001,Chandigarh,01-01-1999,Loser,-128071
L,Loksabha,Chandigarh,Harsharan Singh, Male,Unknown,Unknown,IND, Independent,Unknown,3251,0.0115,Chandigarh,01-01-1999,Loser,-129673
L,Loksabha,Chandigarh,Ram Pal Hans, Male,Unknown,Unknown,IND, Independent,Unknown,2136,0.0076,Chandigarh,01-01-1999,Loser,-130788
L,Loksabha,Chandigarh,Gurnam Singh Sidhu, Male,Unknown,Unknown,IND, Independent,Unknown,975,0.0034,Chandigarh,01-01-1999,Loser,-131949
L,Loksabha,Chandigarh,Ravi Parkash, Male,Unknown,Unknown,IND, Independent,Unknown,549,0.0019,Chandigarh,01-01-1999,Loser,-132375
L,Loksabha,Chandigarh,Rajander Shrivastava, Male,Unknown,Unknown,IND, Independent,Unknown,527,0.0019,Chandigarh,01-01-1999,Loser,-132397
L,Loksabha,Chandigarh,Dilbagh Singh, Male,Unknown,Unknown,AJBP, Ajeya Bharat Party,Unknown,472,0.0017,Chandigarh,01-01-1999,Loser,-132452
L,Loksabha,Chandigarh,S M Bhatti, Male,Unknown,Unknown,IND, Independent,Unknown,436,0.0015,Chandigarh,01-01-1999,Loser,-132488
L,Loksabha,Chandigarh,Palac Shri, Female,Unknown,Unknown,IND, Independent,Unknown,430,0.0015,Chandigarh,01-01-1999,Loser,-132494
L,Loksabha,Chandigarh,Bimla Sapna, Female,Unknown,Unknown,BSP(A), Bahujan Samaj Party (ambedkar),Unknown,411,0.0015,Chandigarh,01-01-1999,Loser,-132513
L,Loksabha,Chandigarh,Kartar Singh Hothi, Male,Unknown,Unknown,IND, Independent,Unknown,246,0.0009,Chandigarh,01-01-1999,Loser,-132678
L,Loksabha,Chandigarh,Inderjit Gupta, Male,Unknown,Unknown,IND, Independent,Unknown,177,0.0006,Chandigarh,01-01-1999,Loser,-132747
L,Loksabha,Chandigarh,Gurvinder Kaur Sodhi, Female,Unknown,Unknown,IND, Independent,Unknown,173,0.0006,Chandigarh,01-01-1999,Loser,-132751
L,Loksabha,Chandigarh,Satya Pal Jain, Male,Unknown,Unknown,BJP, Bharatiya Janata Party,Unknown,119787,0.423599988,Chandigarh,01-01-1998,Winner,10366
L,Loksabha,Chandigarh,Pawan Kumar Bansal, Male,Unknown,Unknown,INC, Indian National Congress,Unknown,109421,0.386999995,Chandigarh,01-01-1998,Loser,-10366
L,Loksabha,Chandigarh,Harmohan Dhawan, Male,Unknown,Unknown,SJP(R), Samajwadi Janata Party (rashtriya),Unknown,41195,0.145699993,Chandigarh,01-01-1998,Loser,-78592
L,Loksabha,Chandigarh,Amar Singh Chahal, Male,Unknown,Unknown,SP, Samajwadi Party,Unknown,4552,0.016100001,Chandigarh,01-01-1998,Loser,-115235
L,Loksabha,Chandigarh,Sajjan Singh, Male,Unknown,Unknown,IND, Independent,Unknown,2374,0.0084,Chandigarh,01-01-1998,Loser,-117413
L,Loksabha,Chandigarh,Bimla, Female,Unknown,Unknown,BSP(A), Bahujan Samaj Party (ambedkar),Unknown,1026,0.0036,Chandigarh,01-01-1998,Loser,-118761
L,Loksabha,Chandigarh,Sunil Saini, Male,Unknown,Unknown,AJBP, Ajeya Bharat Party,Unknown,959,0.0034,Chandigarh,01-01-1998,Loser,-118828
L,Loksabha,Chandigarh,Ravi Parkash, Male,Unknown,Unknown,LS, Lok Shakti,Unknown,608,0.0022,Chandigarh,01-01-1998,Loser,-119179
L,Loksabha,Chandigarh,V S T Malik, Male,Unknown,Unknown,RJD, Rashtriya Janata Dal,Unknown,498,0.0018,Chandigarh,01-01-1998,Loser,-119289
L,Loksabha,Chandigarh,Ashok Kumar, Male,Unknown,Unknown,IND, Independent,Unknown,455,0.0016,Chandigarh,01-01-1998,Loser,-119332
L,Loksabha,Chandigarh,Inder Mal, Male,Unknown,Unknown,IND, Independent,Unknown,446,0.0016,Chandigarh,01-01-1998,Loser,-119341
L,Loksabha,Chandigarh,Shyam Bahadur Singh, Male,Unknown,Unknown,AD, Apna Dal,Unknown,283,0.001,Chandigarh,01-01-1998,Loser,-119504
L,Loksabha,Chandigarh,Ram Phal, Male,Unknown,Unknown,IND, Independent,Unknown,258,0.0009,Chandigarh,01-01-1998,Loser,-119529
L,Loksabha,Chandigarh,Parkash Kaur, Female,Unknown,Unknown,IND, Independent,Unknown,254,0.0009,Chandigarh,01-01-1998,Loser,-119533
L,Loksabha,Chandigarh,Surat Chand Sharma, Male,Unknown,Unknown,IND, Independent,Unknown,205,0.0007,Chandigarh,01-01-1998,Loser,-119582
L,Loksabha,Chandigarh,Shammi Walia, Male,Unknown,Unknown,IND, Independent,Unknown,181,0.0006,Chandigarh,01-01-1998,Loser,-119606
L,Loksabha,Chandigarh,Satya Pal Chauhan, Male,Unknown,Unknown,IND, Independent,Unknown,151,0.0005,Chandigarh,01-01-1998,Loser,-119636
L,Loksabha,Chandigarh,Diwan Singh Chauhan, Male,Unknown,Unknown,IND, Independent,Unknown,102,0.0004,Chandigarh,01-01-1998,Loser,-119685
L,Loksabha,Chandigarh,Satya Pal Jain, Male,Unknown,Unknown,BJP, Bharatiya Janata Party,Unknown,101137,0.390500009,Chandigarh,01-01-1996,Winner,23969
L,Loksabha,Chandigarh,Pawan Kumar Bansal, Male,Unknown,Unknown,INC, Indian National Congress,Unknown,77168,0.297899991,Chandigarh,01-01-1996,Loser,-23969
L,Loksabha,Chandigarh,Harmohan Dhawan, Male,Unknown,Unknown,SAP, Samata Party,Unknown,45569,0.175899997,Chandigarh,01-01-1996,Loser,-55568
L,Loksabha,Chandigarh,Mata Ram Dhiman, Male,Unknown,Unknown,BSP, Bahujan Samaj Party,Unknown,10612,0.041000001,Chandigarh,01-01-1996,Loser,-90525
L,Loksabha,Chandigarh,Chaman Lal, Male,Unknown,Unknown,CPM, Communist Party Of India (marxist),Unknown,6030,0.0233,Chandigarh,01-01-1996,Loser,-95107
L,Loksabha,Chandigarh,Subhash Tamoli, Male,Unknown,Unknown,BSP(A), Bahujan Samaj Party (ambedkar),Unknown,4128,0.015900001,Chandigarh,01-01-1996,Loser,-97009
L,Loksabha,Chandigarh,Ravi Parkash, Male,Unknown,Unknown,JD, Janata Dal,Unknown,2405,0.0093,Chandigarh,01-01-1996,Loser,-98732
L,Loksabha,Chandigarh,Rajinder, Male,Unknown,Unknown,SMP, Satya Marg Party,Unknown,882,0.0034,Chandigarh,01-01-1996,Loser,-100255
L,Loksabha,Chandigarh,Ajay Jagga, Male,Unknown,Unknown,JP, Janata Party,Unknown,834,0.0032,Chandigarh,01-01-1996,Loser,-100303
L,Loksabha,Chandigarh,R R K Tiwari, Male,Unknown,Unknown,PHK, Pavitra Hindustan Kaazhagam,Unknown,735,0.0028,Chandigarh,01-01-1996,Loser,-100402
L,Loksabha,Chandigarh,Ganga Ram, Male,Unknown,Unknown,IND, Independent,Unknown,727,0.0028,Chandigarh,01-01-1996,Loser,-100410
L,Loksabha,Chandigarh,Mahinder Kumar, Male,Unknown,Unknown,ICS, Indian Congress (socialist),Unknown,654,0.0025,Chandigarh,01-01-1996,Loser,-100483
L,Loksabha,Chandigarh,M Sadiq, Male,Unknown,Unknown,IND, Independent,Unknown,533,0.0021,Chandigarh,01-01-1996,Loser,-100604
L,Loksabha,Chandigarh,Vinod Kumar, Male,Unknown,Unknown,IND, Independent,Unknown,528,0.002,Chandigarh,01-01-1996,Loser,-100609
L,Loksabha,Chandigarh,Vishwavir Sharma, Male,Unknown,Unknown,AIIC(T), All India Indira Congress (tiwari),Unknown,513,0.002,Chandigarh,01-01-1996,Loser,-100624
L,Loksabha,Chandigarh,Harcharan Singh, Male,Unknown,Unknown,IND, Independent,Unknown,492,0.0019,Chandigarh,01-01-1996,Loser,-100645
L,Loksabha,Chandigarh,Lachhman Singh, Male,Unknown,Unknown,IND, Independent,Unknown,484,0.0019,Chandigarh,01-01-1996,Loser,-100653
L,Loksabha,Chandigarh,Deepak Malhotra, Male,Unknown,Unknown,IND, Independent,Unknown,448,0.0017,Chandigarh,01-01-1996,Loser,-100689
L,Loksabha,Chandigarh,Ram Hari, Male,Unknown,Unknown,IND, Independent,Unknown,325,0.0013,Chandigarh,01-01-1996,Loser,-100812
L,Loksabha,Chandigarh,Gurcharan Singh, Male,Unknown,Unknown,IND, Independent,Unknown,311,0.0012,Chandigarh,01-01-1996,Loser,-100826
L,Loksabha,Chandigarh,Deepak, Male,Unknown,Unknown,IND, Independent,Unknown,277,0.0011,Chandigarh,01-01-1996,Loser,-100860
L,Loksabha,Chandigarh,Chander Gupt Kapuria, Male,Unknown,Unknown,IND, Independent,Unknown,253,0.001,Chandigarh,01-01-1996,Loser,-100884
L,Loksabha,Chandigarh,Malak Chand, Male,Unknown,Unknown,IND, Independent,Unknown,244,0.0009,Chandigarh,01-01-1996,Loser,-100893
L,Loksabha,Chandigarh,Satpal, Male,Unknown,Unknown,IND, Independent,Unknown,233,0.0009,Chandigarh,01-01-1996,Loser,-100904
L,Loksabha,Chandigarh,Rajesh Singh, Male,Unknown,Unknown,IND, Independent,Unknown,226,0.0009,Chandigarh,01-01-1996,Loser,-100911
L,Loksabha,Chandigarh,Vidya Bhushan, Male,Unknown,Unknown,IND, Independent,Unknown,212,0.0008,Chandigarh,01-01-1996,Loser,-100925
L,Loksabha,Chandigarh,Madan Lal Vedi, Male,Unknown,Unknown,IND, Independent,Unknown,210,0.0008,Chandigarh,01-01-1996,Loser,-100927
L,Loksabha,Chandigarh,Surat Chand Sharma, Male,Unknown,Unknown,IND, Independent,Unknown,200,0.0008,Chandigarh,01-01-1996,Loser,-100937
L,Loksabha,Chandigarh,Sudhir Kumar, Male,Unknown,Unknown,SHS, Shivsena,Unknown,195,0.0008,Chandigarh,01-01-1996,Loser,-100942
L,Loksabha,Chandigarh,Sanjay Aggarwal, Male,Unknown,Unknown,IND, Independent,Unknown,192,0.0007,Chandigarh,01-01-1996,Loser,-100945
L,Loksabha,Chandigarh,Ram Phal, Male,Unknown,Unknown,IND, Independent,Unknown,189,0.0007,Chandigarh,01-01-1996,Loser,-100948
L,Loksabha,Chandigarh,Sat Paul Gupta, Male,Unknown,Unknown,IND, Independent,Unknown,187,0.0007,Chandigarh,01-01-1996,Loser,-100950
L,Loksabha,Chandigarh,Naresh Jaggi, Male,Unknown,Unknown,IND, Independent,Unknown,184,0.0007,Chandigarh,01-01-1996,Loser,-100953
L,Loksabha,Chandigarh,Jagmohan Singh Johal, Male,Unknown,Unknown,IND, Independent,Unknown,175,0.0007,Chandigarh,01-01-1996,Loser,-100962
L,Loksabha,Chandigarh,Om Parkash Chawla, Male,Unknown,Unknown,IND, Independent,Unknown,172,0.0007,Chandigarh,01-01-1996,Loser,-100965
L,Loksabha,Chandigarh,Ram Bali, Male,Unknown,Unknown,IND, Independent,Unknown,150,0.0006,Chandigarh,01-01-1996,Loser,-100987
L,Loksabha,Chandigarh,Jagtar Singh, Male,Unknown,Unknown,IND, Independent,Unknown,131,0.0005,Chandigarh,01-01-1996,Loser,-101006
L,Loksabha,Chandigarh,Didar Singh Kalsia, Male,Unknown,Unknown,IND, Independent,Unknown,130,0.0005,Chandigarh,01-01-1996,Loser,-101007
L,Loksabha,Chandigarh,S P Chauhan, Male,Unknown,Unknown,IND, Independent,Unknown,129,0.0005,Chandigarh,01-01-1996,Loser,-101008
L,Loksabha,Chandigarh,Jaspal Singh, Male,Unknown,Unknown,IND, Independent,Unknown,127,0.0005,Chandigarh,01-01-1996,Loser,-101010
L,Loksabha,Chandigarh,Sanjeev Sharma, Male,Unknown,Unknown,IND, Independent,Unknown,107,0.0004,Chandigarh,01-01-1996,Loser,-101030
L,Loksabha,Chandigarh,Kamal Kumar, Male,Unknown,Unknown,IND, Independent,Unknown,101,0.0004,Chandigarh,01-01-1996,Loser,-101036
L,Loksabha,Chandigarh,Virender Bajaj, Male,Unknown,Unknown,IND, Independent,Unknown,94,0.0004,Chandigarh,01-01-1996,Loser,-101043
L,Loksabha,Chandigarh,Surinder Pal, Male,Unknown,Unknown,IND, Independent,Unknown,86,0.0003,Chandigarh,01-01-1996,Loser,-101051
L,Loksabha,Chandigarh,Subhash Chander Katyal, Male,Unknown,Unknown,IND, Independent,Unknown,80,0.0003,Chandigarh,01-01-1996,Loser,-101057
L,Loksabha,Chandigarh,Tilak Raj, Male,Unknown,Unknown,IND, Independent,Unknown,71,0.0003,Chandigarh,01-01-1996,Loser,-101066
L,Loksabha,Chandigarh,Inderjit Gupta, Male,Unknown,Unknown,IND, Independent,Unknown,71,0.0003,Chandigarh,01-01-1996,Loser,-101066
L,Loksabha,Chandigarh,Harish Bawra, Male,Unknown,Unknown,IND, Independent,Unknown,66,0.0003,Chandigarh,01-01-1996,Loser,-101071
L,Loksabha,Chandigarh,Pawan Kumar Bansal, Male,Unknown,Unknown,INC, Indian National Congress,Unknown,76628,0.358599991,Chandigarh,01-01-1991,Winner,15095
L,Loksabha,Chandigarh,Satya Pal Jain, Male,Unknown,Unknown,BJP, Bharatiya Janata Party,Unknown,61533,0.287999988,Chandigarh,01-01-1991,Loser,-15095
L,Loksabha,Chandigarh,Harmohan Dhawan, Male,Unknown,Unknown,JP, Janata Party,Unknown,50177,0.234799996,Chandigarh,01-01-1991,Loser,-26451
L,Loksabha,Chandigarh,Harbhajan Singh Osahan, Male,Unknown,Unknown,BSP, Bahujan Samaj Party,Unknown,10068,0.0471,Chandigarh,01-01-1991,Loser,-66560
L,Loksabha,Chandigarh,P J S Mehta, Male,Unknown,Unknown,JD, Janata Dal,Unknown,5905,0.0276,Chandigarh,01-01-1991,Loser,-70723
L,Loksabha,Chandigarh,Karam Singh Raju, Male,Unknown,Unknown,IND, Independent,Unknown,1513,0.0071,Chandigarh,01-01-1991,Loser,-75115
L,Loksabha,Chandigarh,Keshwa Nand, Male,Unknown,Unknown,IND, Independent,Unknown,829,0.0039,Chandigarh,01-01-1991,Loser,-75799
L,Loksabha,Chandigarh,Shiv Kumar, Male,Unknown,Unknown,IND, Independent,Unknown,749,0.0035,Chandigarh,01-01-1991,Loser,-75879
L,Loksabha,Chandigarh,Kuljit Singh, Male,Unknown,Unknown,IND, Independent,Unknown,557,0.0026,Chandigarh,01-01-1991,Loser,-76071
L,Loksabha,Chandigarh,Bhajan Kaur (w), Female,Unknown,Unknown,IND, Independent,Unknown,546,0.0026,Chandigarh,01-01-1991,Loser,-76082
L,Loksabha,Chandigarh,Madan Lal Bedi, Male,Unknown,Unknown,IND, Independent,Unknown,496,0.0023,Chandigarh,01-01-1991,Loser,-76132
L,Loksabha,Chandigarh,D R Dhawan, Male,Unknown,Unknown,IND, Independent,Unknown,305,0.0014,Chandigarh,01-01-1991,Loser,-76323
L,Loksabha,Chandigarh,Sanjeev Chunni, Male,Unknown,Unknown,IND, Independent,Unknown,262,0.0012,Chandigarh,01-01-1991,Loser,-76366
L,Loksabha,Chandigarh,Surinder Multani, Male,Unknown,Unknown,IND, Independent,Unknown,245,0.0011,Chandigarh,01-01-1991,Loser,-76383
L,Loksabha,Chandigarh,Dharam Vir S/o Mam Chand, Male,Unknown,Unknown,IND, Independent,Unknown,232,0.0011,Chandigarh,01-01-1991,Loser,-76396
L,Loksabha,Chandigarh,Subhash Chander S/o Des Raj, Male,Unknown,Unknown,IND, Independent,Unknown,218,0.001,Chandigarh,01-01-1991,Loser,-76410
L,Loksabha,Chandigarh,Jaspal Singh, Male,Unknown,Unknown,IND, Independent,Unknown,198,0.0009,Chandigarh,01-01-1991,Loser,-76430
L,Loksabha,Chandigarh,Balbir Singh Makol, Male,Unknown,Unknown,IND, Independent,Unknown,193,0.0009,Chandigarh,01-01-1991,Loser,-76435
L,Loksabha,Chandigarh,Sukh Lal, Male,Unknown,Unknown,KMS, All India Kisan Mazdoor Sabha,Unknown,193,0.0009,Chandigarh,01-01-1991,Loser,-76435
L,Loksabha,Chandigarh,Daljit Singh, Male,Unknown,Unknown,IND, Independent,Unknown,173,0.0008,Chandigarh,01-01-1991,Loser,-76455
L,Loksabha,Chandigarh,Shayam Lal, Male,Unknown,Unknown,DDP, Door Darshi Party,Unknown,154,0.0007,Chandigarh,01-01-1991,Loser,-76474
L,Loksabha,Chandigarh,Subhash Chander S/o Paras Das, Male,Unknown,Unknown,IND, Independent,Unknown,145,0.0007,Chandigarh,01-01-1991,Loser,-76483
L,Loksabha,Chandigarh,Mohan Singh, Male,Unknown,Unknown,IND, Independent,Unknown,138,0.0006,Chandigarh,01-01-1991,Loser,-76490
L,Loksabha,Chandigarh,Jawahar Chand, Male,Unknown,Unknown,IND, Independent,Unknown,133,0.0006,Chandigarh,01-01-1991,Loser,-76495
L,Loksabha,Chandigarh,Ajay Jagga, Male,Unknown,Unknown,IND, Independent,Unknown,123,0.0006,Chandigarh,01-01-1991,Loser,-76505
L,Loksabha,Chandigarh,Dev Raj, Male,Unknown,Unknown,IND, Independent,Unknown,120,0.0006,Chandigarh,01-01-1991,Loser,-76508
L,Loksabha,Chandigarh,Chander Gupta Kapuria, Male,Unknown,Unknown,IND, Independent,Unknown,119,0.0006,Chandigarh,01-01-1991,Loser,-76509
L,Loksabha,Chandigarh,S S S Sodhi, Male,Unknown,Unknown,FBL, All India Forward Bloc,Unknown,112,0.0005,Chandigarh,01-01-1991,Loser,-76516
L,Loksabha,Chandigarh,Dayal Chand, Male,Unknown,Unknown,IND, Independent,Unknown,111,0.0005,Chandigarh,01-01-1991,Loser,-76517
L,Loksabha,Chandigarh,Tilak Raj, Male,Unknown,Unknown,IND, Independent,Unknown,102,0.0005,Chandigarh,01-01-1991,Loser,-76526
L,Loksabha,Chandigarh,Dharambir S/o Manfool, Male,Unknown,Unknown,IND, Independent,Unknown,102,0.0005,Chandigarh,01-01-1991,Loser,-76526
L,Loksabha,Chandigarh,Anil, Male,Unknown,Unknown,IND, Independent,Unknown,101,0.0005,Chandigarh,01-01-1991,Loser,-76527
L,Loksabha,Chandigarh,Basheer Ahmed, Male,Unknown,Unknown,IND, Independent,Unknown,93,0.0004,Chandigarh,01-01-1991,Loser,-76535
L,Loksabha,Chandigarh,Harbans Lal Mehta, Male,Unknown,Unknown,MPP, Mahabharat People's Party,Unknown,87,0.0004,Chandigarh,01-01-1991,Loser,-76541
L,Loksabha,Chandigarh,Om Parkash, Male,Unknown,Unknown,IND, Independent,Unknown,84,0.0004,Chandigarh,01-01-1991,Loser,-76544
L,Loksabha,Chandigarh,Amrit Lal, Male,Unknown,Unknown,IND, Independent,Unknown,67,0.0003,Chandigarh,01-01-1991,Loser,-76561
L,Loksabha,Chandigarh,Vaneet Kumar Jaidka, Male,Unknown,Unknown,IND, Independent,Unknown,66,0.0003,Chandigarh,01-01-1991,Loser,-76562
L,Loksabha,Chandigarh,Gurcharan Singh, Male,Unknown,Unknown,IND, Independent,Unknown,64,0.0003,Chandigarh,01-01-1991,Loser,-76564
L,Loksabha,Chandigarh,Nachhattar Singh, Male,Unknown,Unknown,IND, Independent,Unknown,64,0.0003,Chandigarh,01-01-1991,Loser,-76564
L,Loksabha,Chandigarh,Arun Bansal, Male,Unknown,Unknown,IND, Independent,Unknown,63,0.0003,Chandigarh,01-01-1991,Loser,-76565
L,Loksabha,Chandigarh,Ashok Kumar, Male,Unknown,Unknown,IND, Independent,Unknown,60,0.0003,Chandigarh,01-01-1991,Loser,-76568
L,Loksabha,Chandigarh,Surjit Singh, Male,Unknown,Unknown,IND, Independent,Unknown,59,0.0003,Chandigarh,01-01-1991,Loser,-76569
L,Loksabha,Chandigarh,Ram Bahdur Singh, Male,Unknown,Unknown,IND, Independent,Unknown,49,0.0002,Chandigarh,01-01-1991,Loser,-76579
L,Loksabha,Chandigarh,Dilwant Singh Dhillon, Male,Unknown,Unknown,IND, Independent,Unknown,49,0.0002,Chandigarh,01-01-1991,Loser,-76579
L,Loksabha,Chandigarh,Joginder Singh, Male,Unknown,Unknown,IND, Independent,Unknown,46,0.0002,Chandigarh,01-01-1991,Loser,-76582
L,Loksabha,Chandigarh,Narpinder Singh, Male,Unknown,Unknown,IND, Independent,Unknown,42,0.0002,Chandigarh,01-01-1991,Loser,-76586
L,Loksabha,Chandigarh,Yoganand Sarswat, Male,Unknown,Unknown,IND, Independent,Unknown,39,0.0002,Chandigarh,01-01-1991,Loser,-76589
L,Loksabha,Chandigarh,Tajinder Singh, Male,Unknown,Unknown,IND, Independent,Unknown,36,0.0002,Chandigarh,01-01-1991,Loser,-76592
L,Loksabha,Chandigarh,Balak Ram, Male,Unknown,Unknown,IND, Independent,Unknown,36,0.0002,Chandigarh,01-01-1991,Loser,-76592
L,Loksabha,Chandigarh,Inderjit Gupta, Male,Unknown,Unknown,IND, Independent,Unknown,35,0.0002,Chandigarh,01-01-1991,Loser,-76593
L,Loksabha,Chandigarh,Kuldeepak Goyal, Male,Unknown,Unknown,IND, Independent,Unknown,35,0.0002,Chandigarh,01-01-1991,Loser,-76593
L,Loksabha,Chandigarh,Ravi Datt Sharma, Male,Unknown,Unknown,IND, Independent,Unknown,33,0.0002,Chandigarh,01-01-1991,Loser,-76595
L,Loksabha,Chandigarh,Attar Singh, Male,Unknown,Unknown,IND, Independent,Unknown,27,1.00E-04,Chandigarh,01-01-1991,Loser,-76601
L,Loksabha,Chandigarh,Jagat Ram, Male,Unknown,Unknown,IND, Independent,Unknown,24,1.00E-04,Chandigarh,01-01-1991,Loser,-76604
L,Loksabha,Chandigarh,Sudershan Lal, Male,Unknown,Unknown,IND, Independent,Unknown,24,1.00E-04,Chandigarh,01-01-1991,Loser,-76604
L,Loksabha,Chandigarh,Harmohan Dhawan, Male,Unknown,Unknown,JD, Janata Dal,Unknown,91212,0.42050001,Chandigarh,01-01-1989,Winner,3974
L,Loksabha,Chandigarh,Jagan Nath Kaushal, Male,Unknown,Unknown,INC, Indian National Congress,Unknown,87238,0.402200013,Chandigarh,01-01-1989,Loser,-3974
L,Loksabha,Chandigarh,Dharam Vir Sehgal, Male,Unknown,Unknown,BJP, Bharatiya Janata Party,Unknown,26586,0.122599997,Chandigarh,01-01-1989,Loser,-64626
L,Loksabha,Chandigarh,Uajagar Singh Sandhu, Male,Unknown,Unknown,BSP, Bahujan Samaj Party,Unknown,2905,0.0134,Chandigarh,01-01-1989,Loser,-88307
L,Loksabha,Chandigarh,Chander Gupta Kapuria, Male,Unknown,Unknown,IND, Independent,Unknown,1661,0.0077,Chandigarh,01-01-1989,Loser,-89551
L,Loksabha,Chandigarh,Kamal Kant Garhwali, Male,Unknown,Unknown,IND, Independent,Unknown,1647,0.0076,Chandigarh,01-01-1989,Loser,-89565
L,Loksabha,Chandigarh,Aftab Rai Maini, Male,Unknown,Unknown,JNP,  Janata Pary (jp),Unknown,1336,0.0062,Chandigarh,01-01-1989,Loser,-89876
L,Loksabha,Chandigarh,Gurnam Singh, Male,Unknown,Unknown,IND, Independent,Unknown,1227,0.0057,Chandigarh,01-01-1989,Loser,-89985
L,Loksabha,Chandigarh,Kashwa Nand, Male,Unknown,Unknown,IND, Independent,Unknown,882,0.0041,Chandigarh,01-01-1989,Loser,-90330
L,Loksabha,Chandigarh,Shyam Bahadur Singh, Male,Unknown,Unknown,IND, Independent,Unknown,300,0.0014,Chandigarh,01-01-1989,Loser,-90912
L,Loksabha,Chandigarh,Shyam Lal, Male,Unknown,Unknown,DDP, Doordarshi Party,Unknown,300,0.0014,Chandigarh,01-01-1989,Loser,-90912
L,Loksabha,Chandigarh,Jagat Ram, Male,Unknown,Unknown,IND, Independent,Unknown,257,0.0012,Chandigarh,01-01-1989,Loser,-90955
L,Loksabha,Chandigarh,Ram Chand, Male,Unknown,Unknown,IND, Independent,Unknown,165,0.0008,Chandigarh,01-01-1989,Loser,-91047
L,Loksabha,Chandigarh,Bhupinder Singh, Male,Unknown,Unknown,SAD(M), Shiromani Akali Dal (simranjit Singh Mann),Unknown,133,0.0006,Chandigarh,01-01-1989,Loser,-91079
L,Loksabha,Chandigarh,Gurbachan Singh Anand, Male,Unknown,Unknown,LKD,  Janata Pary (jp),Unknown,132,0.0006,Chandigarh,01-01-1989,Loser,-91080
L,Loksabha,Chandigarh,Joginder Singh, Male,Unknown,Unknown,IND, Independent,Unknown,124,0.0006,Chandigarh,01-01-1989,Loser,-91088
L,Loksabha,Chandigarh,Surjit Singh Sodhi S/o Veryam Singh, Male,Unknown,Unknown,IND, Independent,Unknown,117,0.0005,Chandigarh,01-01-1989,Loser,-91095
L,Loksabha,Chandigarh,Charan Jeet Singh, Male,Unknown,Unknown,IND, Independent,Unknown,96,0.0004,Chandigarh,01-01-1989,Loser,-91116
L,Loksabha,Chandigarh,Giani Ram Singh, Male,Unknown,Unknown,IND, Independent,Unknown,93,0.0004,Chandigarh,01-01-1989,Loser,-91119
L,Loksabha,Chandigarh,Inderjit Gupta, Male,Unknown,Unknown,IND, Independent,Unknown,85,0.0004,Chandigarh,01-01-1989,Loser,-91127
L,Loksabha,Chandigarh,Ajmer Singh, Male,Unknown,Unknown,IND, Independent,Unknown,81,0.0004,Chandigarh,01-01-1989,Loser,-91131
L,Loksabha,Chandigarh,Sanjeev Chunni, Male,Unknown,Unknown,IND, Independent,Unknown,79,0.0004,Chandigarh,01-01-1989,Loser,-91133
L,Loksabha,Chandigarh,Vishwamitter Mahajan, Male,Unknown,Unknown,IND, Independent,Unknown,64,0.0003,Chandigarh,01-01-1989,Loser,-91148
L,Loksabha,Chandigarh,Vidya Bhushan Sood, Male,Unknown,Unknown,IND, Independent,Unknown,49,0.0002,Chandigarh,01-01-1989,Loser,-91163
L,Loksabha,Chandigarh,Ved Prakash Anand, Male,Unknown,Unknown,IND, Independent,Unknown,49,0.0002,Chandigarh,01-01-1989,Loser,-91163
L,Loksabha,Chandigarh,Surjit Singh S/o Bishan Singh, Male,Unknown,Unknown,IND, Independent,Unknown,44,0.0002,Chandigarh,01-01-1989,Loser,-91168
L,Loksabha,Chandigarh,Devi Dayal, Male,Unknown,Unknown,IND, Independent,Unknown,41,0.0002,Chandigarh,01-01-1989,Loser,-91171
L,Loksabha,Chandigarh,Jagan Nath Kaushal, Male,Unknown,Unknown,INC, Indian National Congress,Unknown,103090,0.6602,Chandigarh,01-01-1984,Winner,66300
L,Loksabha,Chandigarh,Harmohan Dhawan, Male,Unknown,Unknown,JNP, Janata Party,Unknown,36790,0.235599995,Chandigarh,01-01-1984,Loser,-66300
L,Loksabha,Chandigarh,Yagya Datt Sharma, Male,Unknown,Unknown,BJP, Bharatiya Janta Party,Unknown,8740,0.056000002,Chandigarh,01-01-1984,Loser,-94350
L,Loksabha,Chandigarh,Pawan Kumar, Male,Unknown,Unknown,IND, Independent,Unknown,1324,0.0085,Chandigarh,01-01-1984,Loser,-101766
L,Loksabha,Chandigarh,Pritam Dass, Male,Unknown,Unknown,IND, Independent,Unknown,1104,0.0071,Chandigarh,01-01-1984,Loser,-101986
L,Loksabha,Chandigarh,Om Prakash, Male,Unknown,Unknown,IND, Independent,Unknown,718,0.0046,Chandigarh,01-01-1984,Loser,-102372
L,Loksabha,Chandigarh,Jaswant Kaur, Female,Unknown,Unknown,IND, Independent,Unknown,701,0.0045,Chandigarh,01-01-1984,Loser,-102389
L,Loksabha,Chandigarh,Aftab Rai Maini, Male,Unknown,Unknown,IND, Independent,Unknown,396,0.0025,Chandigarh,01-01-1984,Loser,-102694
L,Loksabha,Chandigarh,Gurdev Singh, Male,Unknown,Unknown,IND, Independent,Unknown,337,0.0022,Chandigarh,01-01-1984,Loser,-102753
L,Loksabha,Chandigarh,Gurbaksh Singh, Male,Unknown,Unknown,IND, Independent,Unknown,286,0.0018,Chandigarh,01-01-1984,Loser,-102804
L,Loksabha,Chandigarh,Suraj Sharma, Male,Unknown,Unknown,IND, Independent,Unknown,253,0.0016,Chandigarh,01-01-1984,Loser,-102837
L,Loksabha,Chandigarh,Gurcharan Singh Azad, Male,Unknown,Unknown,IND, Independent,Unknown,252,0.0016,Chandigarh,01-01-1984,Loser,-102838
L,Loksabha,Chandigarh,Raj Kumar, Male,Unknown,Unknown,IND, Independent,Unknown,219,0.0014,Chandigarh,01-01-1984,Loser,-102871
L,Loksabha,Chandigarh,Vidya Bhushan, Male,Unknown,Unknown,IND, Independent,Unknown,207,0.0013,Chandigarh,01-01-1984,Loser,-102883
L,Loksabha,Chandigarh,Madan Mohan, Male,Unknown,Unknown,IND, Independent,Unknown,154,0.001,Chandigarh,01-01-1984,Loser,-102936
L,Loksabha,Chandigarh,Dalip Singh, Male,Unknown,Unknown,IND, Independent,Unknown,153,0.001,Chandigarh,01-01-1984,Loser,-102937
L,Loksabha,Chandigarh,Mukhtiar Singh, Male,Unknown,Unknown,IND, Independent,Unknown,147,0.0009,Chandigarh,01-01-1984,Loser,-102943
L,Loksabha,Chandigarh,Jagat Ram Goyal, Male,Unknown,Unknown,IND, Independent,Unknown,142,0.0009,Chandigarh,01-01-1984,Loser,-102948
L,Loksabha,Chandigarh,Murari Lal, Male,Unknown,Unknown,IND, Independent,Unknown,118,0.0008,Chandigarh,01-01-1984,Loser,-102972
L,Loksabha,Chandigarh,Jaspal Singh, Male,Unknown,Unknown,IND, Independent,Unknown,118,0.0008,Chandigarh,01-01-1984,Loser,-102972
L,Loksabha,Chandigarh,Nirmala, Female,Unknown,Unknown,IND, Independent,Unknown,116,0.0007,Chandigarh,01-01-1984,Loser,-102974
L,Loksabha,Chandigarh,Mohammad Salim Khan, Male,Unknown,Unknown,IND, Independent,Unknown,105,0.0007,Chandigarh,01-01-1984,Loser,-102985
L,Loksabha,Chandigarh,G S Grewal, Male,Unknown,Unknown,IND, Independent,Unknown,90,0.0006,Chandigarh,01-01-1984,Loser,-103000
L,Loksabha,Chandigarh,B R Kapur, Male,Unknown,Unknown,IND, Independent,Unknown,86,0.0006,Chandigarh,01-01-1984,Loser,-103004
L,Loksabha,Chandigarh,Raj Mangal, Male,Unknown,Unknown,IND, Independent,Unknown,82,0.0005,Chandigarh,01-01-1984,Loser,-103008
L,Loksabha,Chandigarh,Ram Chand Puri, Male,Unknown,Unknown,IND, Independent,Unknown,82,0.0005,Chandigarh,01-01-1984,Loser,-103008
L,Loksabha,Chandigarh,Mangal Sain, Male,Unknown,Unknown,IND, Independent,Unknown,64,0.0004,Chandigarh,01-01-1984,Loser,-103026
L,Loksabha,Chandigarh,Guruparkash Rai, Male,Unknown,Unknown,IND, Independent,Unknown,56,0.0004,Chandigarh,01-01-1984,Loser,-103034
L,Loksabha,Chandigarh,Jaswant Singh, Male,Unknown,Unknown,IND, Independent,Unknown,55,0.0004,Chandigarh,01-01-1984,Loser,-103035
L,Loksabha,Chandigarh,Surjit Singh, Male,Unknown,Unknown,IND, Independent,Unknown,42,0.0003,Chandigarh,01-01-1984,Loser,-103048
L,Loksabha,Chandigarh,Krishan Singh Rana, Male,Unknown,Unknown,IND, Independent,Unknown,40,0.0003,Chandigarh,01-01-1984,Loser,-103050
L,Loksabha,Chandigarh,Surinder Kumar Madan, Male,Unknown,Unknown,IND, Independent,Unknown,39,0.0002,Chandigarh,01-01-1984,Loser,-103051
L,Loksabha,Chandigarh,Gurdyal Singh Fizi, Male,Unknown,Unknown,IND, Independent,Unknown,37,0.0002,Chandigarh,01-01-1984,Loser,-103053
L,Loksabha,Chandigarh,Jagan Nath Kasuhal, Male,Unknown,Unknown,INC(I), Indian National Congress (i),Unknown,61624,0.496499985,Chandigarh,01-01-1980,Winner,33319
L,Loksabha,Chandigarh,Ram Swrup, Male,Unknown,Unknown,IND, Independents,Unknown,28305,0.228100002,Chandigarh,01-01-1980,Loser,-33319
L,Loksabha,Chandigarh,Krishna Kant, Male,Unknown,Unknown,JNP, Janta Party,Unknown,11541,0.093000002,Chandigarh,01-01-1980,Loser,-50083
L,Loksabha,Chandigarh,Ambika Soni, Female,Unknown,Unknown,INC(U), Indian National Congress (u),Unknown,8965,0.0722,Chandigarh,01-01-1980,Loser,-52659
L,Loksabha,Chandigarh,Sukhdev Khanna, Male,Unknown,Unknown,IND, Independents,Unknown,6021,0.048500001,Chandigarh,01-01-1980,Loser,-55603
L,Loksabha,Chandigarh,M P Verma, Male,Unknown,Unknown,JNP(S), Janta Party (secular),Unknown,1005,0.0081,Chandigarh,01-01-1980,Loser,-60619
L,Loksabha,Chandigarh,Sohan Lal, Male,Unknown,Unknown,IND, Independents,Unknown,911,0.0073,Chandigarh,01-01-1980,Loser,-60713
L,Loksabha,Chandigarh,Rajeev Mittal, Male,Unknown,Unknown,IND, Independents,Unknown,474,0.0038,Chandigarh,01-01-1980,Loser,-61150
L,Loksabha,Chandigarh,Dilwant Singh Dhillon, Male,Unknown,Unknown,IND, Independents,Unknown,448,0.0036,Chandigarh,01-01-1980,Loser,-61176
L,Loksabha,Chandigarh,Mukhtiar Singh, Male,Unknown,Unknown,IND, Independents,Unknown,416,0.0034,Chandigarh,01-01-1980,Loser,-61208
L,Loksabha,Chandigarh,Jagat Ram, Male,Unknown,Unknown,IND, Independents,Unknown,374,0.003,Chandigarh,01-01-1980,Loser,-61250
L,Loksabha,Chandigarh,Surya Barayan, Male,Unknown,Unknown,IND, Independents,Unknown,337,0.0027,Chandigarh,01-01-1980,Loser,-61287
L,Loksabha,Chandigarh,Banarsi Dass, Male,Unknown,Unknown,IND, Independents,Unknown,283,0.0023,Chandigarh,01-01-1980,Loser,-61341
L,Loksabha,Chandigarh,Krishan Gopal Bhagat, Male,Unknown,Unknown,IND, Independents,Unknown,268,0.0022,Chandigarh,01-01-1980,Loser,-61356
L,Loksabha,Chandigarh,Mittar Singh, Male,Unknown,Unknown,IND, Independents,Unknown,258,0.0021,Chandigarh,01-01-1980,Loser,-61366
L,Loksabha,Chandigarh,Sat Pal, Male,Unknown,Unknown,IND, Independents,Unknown,218,0.0018,Chandigarh,01-01-1980,Loser,-61406
L,Loksabha,Chandigarh,B P Bagchi, Male,Unknown,Unknown,IND, Independents,Unknown,211,0.0017,Chandigarh,01-01-1980,Loser,-61413
L,Loksabha,Chandigarh,Manmohan Sood, Male,Unknown,Unknown,IND, Independents,Unknown,211,0.0017,Chandigarh,01-01-1980,Loser,-61413
L,Loksabha,Chandigarh,Narinder Kumar Mittal, Male,Unknown,Unknown,IND, Independents,Unknown,204,0.0016,Chandigarh,01-01-1980,Loser,-61420
L,Loksabha,Chandigarh,Chandra Gupat Kapuria, Male,Unknown,Unknown,IND, Independents,Unknown,179,0.0014,Chandigarh,01-01-1980,Loser,-61445
L,Loksabha,Chandigarh,Jugal Kishore Puri, Male,Unknown,Unknown,IND, Independents,Unknown,178,0.0014,Chandigarh,01-01-1980,Loser,-61446
L,Loksabha,Chandigarh,Subhash Chandra, Male,Unknown,Unknown,IND, Independents,Unknown,171,0.0014,Chandigarh,01-01-1980,Loser,-61453
L,Loksabha,Chandigarh,Onkar Nath Ji, Male,Unknown,Unknown,IND, Independents,Unknown,165,0.0013,Chandigarh,01-01-1980,Loser,-61459
L,Loksabha,Chandigarh,Keshav Lal Arora, Male,Unknown,Unknown,IND, Independents,Unknown,149,0.0012,Chandigarh,01-01-1980,Loser,-61475
L,Loksabha,Chandigarh,Birbal Ram Premi, Male,Unknown,Unknown,IND, Independents,Unknown,149,0.0012,Chandigarh,01-01-1980,Loser,-61475
L,Loksabha,Chandigarh,Pramjit Kaur, Female,Unknown,Unknown,IND, Independents,Unknown,113,0.0009,Chandigarh,01-01-1980,Loser,-61511
L,Loksabha,Chandigarh,Baburam Bansal, Male,Unknown,Unknown,IND, Independents,Unknown,101,0.0008,Chandigarh,01-01-1980,Loser,-61523
L,Loksabha,Chandigarh,Surinder Singh Ahuja, Male,Unknown,Unknown,IND, Independents,Unknown,97,0.0008,Chandigarh,01-01-1980,Loser,-61527
L,Loksabha,Chandigarh,Amar Singh, Male,Unknown,Unknown,IND, Independents,Unknown,91,0.0007,Chandigarh,01-01-1980,Loser,-61533
L,Loksabha,Chandigarh,Krishan Chand Garg, Male,Unknown,Unknown,IND, Independents,Unknown,91,0.0007,Chandigarh,01-01-1980,Loser,-61533
L,Loksabha,Chandigarh,Roshan Lal, Male,Unknown,Unknown,IND, Independents,Unknown,79,0.0006,Chandigarh,01-01-1980,Loser,-61545
L,Loksabha,Chandigarh,Durga Dass Bahl, Male,Unknown,Unknown,IND, Independents,Unknown,77,0.0006,Chandigarh,01-01-1980,Loser,-61547
L,Loksabha,Chandigarh,Mishra, Male,Unknown,Unknown,IND, Independents,Unknown,77,0.0006,Chandigarh,01-01-1980,Loser,-61547
L,Loksabha,Chandigarh,Inderjit Kapoor, Male,Unknown,Unknown,IND, Independents,Unknown,73,0.0006,Chandigarh,01-01-1980,Loser,-61551
L,Loksabha,Chandigarh,Iqbal Singh Ratta, Male,Unknown,Unknown,IND, Independents,Unknown,72,0.0006,Chandigarh,01-01-1980,Loser,-61552
L,Loksabha,Chandigarh,Yash Aggarwal, Male,Unknown,Unknown,IND, Independents,Unknown,57,0.0005,Chandigarh,01-01-1980,Loser,-61567
L,Loksabha,Chandigarh,Surjit Singh, Male,Unknown,Unknown,IND, Independents,Unknown,53,0.0004,Chandigarh,01-01-1980,Loser,-61571
L,Loksabha,Chandigarh,Hukam Singh Rana, Male,Unknown,Unknown,IND, Independents,Unknown,37,0.0003,Chandigarh,01-01-1980,Loser,-61587
L,Loksabha,Chandigarh,Baldev Raj Kapoor, Male,Unknown,Unknown,IND, Independents,Unknown,32,0.0003,Chandigarh,01-01-1980,Loser,-61592
L,Loksabha,Chandigarh,Krishna Kant, Male,Unknown,Unknown,BLD, Bharatiya Lok Dal,Unknown,70808,0.661300004,Chandigarh,01-01-1977,Winner,40426
L,Loksabha,Chandigarh,Sat Pal, Male,Unknown,Unknown,INC, Indian National Congress,Unknown,30382,0.283699989,Chandigarh,01-01-1977,Loser,-40426
L,Loksabha,Chandigarh,Sheila Didi, Female,Unknown,Unknown,CPI, Communist Party Of India,Unknown,2481,0.0232,Chandigarh,01-01-1977,Loser,-68327
L,Loksabha,Chandigarh,Prem Singh, Male,Unknown,Unknown,IND, Independents,Unknown,1886,0.0176,Chandigarh,01-01-1977,Loser,-68922
L,Loksabha,Chandigarh,Gurcharan Singh, Male,Unknown,Unknown,IND, Independents,Unknown,384,0.0036,Chandigarh,01-01-1977,Loser,-70424
L,Loksabha,Chandigarh,Ram Chand, Male,Unknown,Unknown,IND, Independents,Unknown,294,0.0027,Chandigarh,01-01-1977,Loser,-70514
L,Loksabha,Chandigarh,Surjit Singh, Male,Unknown,Unknown,IND, Independents,Unknown,272,0.0025,Chandigarh,01-01-1977,Loser,-70536
L,Loksabha,Chandigarh,Rajeev Mittal, Male,Unknown,Unknown,IND, Independents,Unknown,247,0.0023,Chandigarh,01-01-1977,Loser,-70561
L,Loksabha,Chandigarh,Babu Ram Bansal, Male,Unknown,Unknown,IND, Independents,Unknown,245,0.0023,Chandigarh,01-01-1977,Loser,-70563
L,Loksabha,Chandigarh,Mukhtiar Singh, Male,Unknown,Unknown,IND, Independents,Unknown,82,0.0008,Chandigarh,01-01-1977,Loser,-70726
L,Loksabha,Chandigarh,Amar Nath Vidyalankar, Male,Unknown,Unknown,INC, Indian National Congress,Unknown,48335,0.668500006,Chandigarh,01-01-1971,Winner,31481
L,Loksabha,Chandigarh,Shri Chand Goyal, Male,Unknown,Unknown,BJS, Bharatiya Jana Sangh,Unknown,16854,0.233099997,Chandigarh,01-01-1971,Loser,-31481
L,Loksabha,Chandigarh,Kanti Prakash, Male,Unknown,Unknown,IND, Independents,Unknown,4697,0.064999998,Chandigarh,01-01-1971,Loser,-43638
L,Loksabha,Chandigarh,Roop Chand, Male,Unknown,Unknown,IND, Independents,Unknown,917,0.0127,Chandigarh,01-01-1971,Loser,-47418
L,Loksabha,Chandigarh,Ravi Mayor, Male,Unknown,Unknown,IND, Independents,Unknown,370,0.0051,Chandigarh,01-01-1971,Loser,-47965
L,Loksabha,Chandigarh,Om Prakash Chopra, Male,Unknown,Unknown,IND, Independents,Unknown,265,0.0037,Chandigarh,01-01-1971,Loser,-48070
L,Loksabha,Chandigarh,Mohinder Singh, Male,Unknown,Unknown,IND, Independents,Unknown,239,0.0033,Chandigarh,01-01-1971,Loser,-48096
L,Loksabha,Chandigarh,Mahabir Singh, Male,Unknown,Unknown,IND, Independents,Unknown,199,0.0028,Chandigarh,01-01-1971,Loser,-48136
L,Loksabha,Chandigarh,Baldev Raj Kapoor, Male,Unknown,Unknown,VHP, Vishal Haryana,Unknown,153,0.0021,Chandigarh,01-01-1971,Loser,-48182
L,Loksabha,Chandigarh,Mohan Singh Dugal, Male,Unknown,Unknown,IND, Independents,Unknown,148,0.002,Chandigarh,01-01-1971,Loser,-48187
L,Loksabha,Chandigarh,Ram Piara, Male,Unknown,Unknown,IND, Independents,Unknown,125,0.0017,Chandigarh,01-01-1971,Loser,-48210
